0	1601
16	132
2	110
18	147
4	137
20	111
6	135
22	116
8	117
24	161
10	149
26	111
12	155
28	139
14	113
30	116
0	1237
16	131
2	108
18	147
4	136
20	110
6	134
22	114
8	116
24	161
10	147
26	110
12	154
28	138
14	111
30	115
0	3795
16	132
2	109
18	146
4	136
20	110
6	134
22	115
8	116
24	160
10	148
26	109
12	154
28	139
14	112
30	116
0	711
16	132
2	109
18	147
4	137
20	110
6	133
22	114
8	116
24	160
10	148
26	111
12	154
28	139
14	113
30	116
16	132
2	110
18	146
4	135
20	110
6	133
22	115
8	116
24	161
10	147
26	110
12	154
28	139
14	111
30	116
0	711
16	132
2	109
18	147
4	136
20	111
6	134
22	114
8	115
24	160
10	147
26	110
12	154
28	139
14	112
30	115
16	131
2	109
18	146
4	135
20	110
6	133
22	114
8	115
24	160
10	147
26	110
12	154
28	139
14	111
30	116
16	131
2	109
18	147
4	135
20	110
6	132
22	114
8	115
24	160
10	146
26	110
12	154
28	139
14	112
30	116
0	1117
16	132
2	108
18	147
4	136
20	110
6	134
22	115
8	116
24	160
10	148
26	110
12	154
28	138
14	111
30	115
0	1157
16	131
2	109
18	147
4	136
20	110
6	134
22	114
8	116
24	161
10	148
26	110
12	154
28	139
14	111
30	115
0	1177
16	131
2	108
18	146
4	135
20	110
6	134
22	115
8	116
24	160
10	148
26	110
12	154
28	139
14	113
30	116
16	131
2	110
18	147
4	135
20	111
6	133
22	114
8	115
24	161
10	147
26	110
12	154
28	139
14	111
30	115
16	131
2	110
18	146
4	135
20	110
6	133
22	115
8	116
24	161
10	147
26	110
12	154
28	139
14	111
30	116
0	3705
16	132
2	110
18	147
4	136
20	111
6	134
22	114
8	115
24	160
10	147
26	110
12	154
28	138
14	112
30	115
0	3290
16	131
2	110
18	147
4	136
20	111
6	134
22	114
8	116
24	160
10	147
26	110
12	154
28	138
14	112
30	115
0	1178
16	132
2	109
18	147
4	136
20	110
6	134
22	114
8	116
24	160
10	147
26	110
12	153
28	139
14	111
30	115
0	3221
16	131
2	109
18	146
4	136
20	110
6	134
22	115
8	115
24	161
10	148
26	110
12	154
28	139
14	112
30	116
0	2751
16	132
2	109
18	147
4	136
20	110
6	134
22	114
8	115
24	160
10	147
26	109
12	153
28	138
14	112
30	115
0	1766
16	131
2	109
18	147
4	136
20	110
6	134
22	114
8	115
24	160
10	147
26	109
12	154
28	138
14	112
30	115
0	2772
16	131
2	109
18	147
4	136
20	110
6	134
22	115
8	116
24	161
10	148
26	110
12	154
28	139
14	112
30	116
0	1657
16	131
2	108
18	147
4	136
20	109
6	134
22	114
8	116
24	161
10	148
26	110
12	154
28	139
14	112
30	115
0	3316
16	132
2	109
18	147
4	136
20	109
6	134
22	114
8	116
24	160
10	148
26	110
12	154
28	139
14	111
30	115
0	2175
16	131
2	109
18	147
4	136
20	111
6	134
22	114
8	116
24	160
10	148
26	110
12	154
28	139
14	111
30	115
0	3079
16	132
2	109
18	147
4	136
20	110
6	134
22	115
8	116
24	160
10	147
26	110
12	154
28	138
14	111
30	115
16	132
2	110
18	147
4	136
20	110
6	133
22	114
8	115
24	160
10	147
26	110
12	153
28	138
14	111
30	115
0	1693
16	132
2	109
18	147
4	136
20	110
6	134
22	115
8	116
24	160
10	147
26	110
12	154
28	138
14	111
30	115
0	2273
16	132
2	109
18	147
4	136
20	109
6	133
22	114
8	116
24	160
10	147
26	110
12	154
28	138
14	112
30	115
0	2567
16	132
2	109
18	147
4	136
20	110
6	133
22	114
8	116
24	161
10	148
26	109
12	154
28	138
14	111
30	115
16	132
2	109
18	147
4	136
20	110
6	133
22	115
8	115
24	160
10	147
26	110
12	153
28	138
14	111
30	115
0	2619
16	131
2	109
18	147
4	136
20	109
6	134
22	114
8	116
24	160
10	147
26	109
12	154
28	138
14	112
30	115
0	3133
16	132
2	109
18	147
4	136
20	110
6	134
22	114
8	115
24	160
10	147
26	110
12	154
28	139
14	112
30	115
0	1668
16	131
2	109
18	147
4	136
20	110
6	134
22	114
8	116
24	160
10	147
26	110
12	153
28	138
14	111
30	115
0	1575
16	132
2	109
18	147
4	136
20	109
6	134
22	115
8	116
24	160
10	148
26	110
12	154
28	139
14	112
30	115
0	3605
16	130
2	109
18	146
4	136
20	111
6	134
22	114
8	116
24	161
10	148
26	110
12	154
28	138
14	112
30	115
16	131
2	109
18	147
4	135
20	110
6	133
22	115
8	115
24	161
10	148
26	110
12	154
28	139
14	112
30	115
0	625
16	131
2	108
18	146
4	136
20	110
6	134
22	114
8	117
24	160
10	148
26	110
12	154
28	139
14	112
30	115
16	132
2	110
18	147
4	136
20	111
6	134
22	115
8	116
24	160
10	147
26	110
12	153
28	138
14	111
30	115
0	3622
16	132
2	110
18	147
4	136
20	110
6	134
22	114
8	115
24	160
10	147
26	109
12	154
28	138
14	112
30	115
0	2139
16	131
2	109
18	147
4	136
20	110
6	134
22	114
8	116
24	160
10	147
26	109
12	153
28	138
14	111
30	115
0	1165
16	132
2	108
18	147
4	136
20	110
6	133
22	114
8	115
24	159
10	147
26	110
12	155
28	139
14	112
30	115
16	131
2	110
18	146
4	136
20	111
6	134
22	114
8	116
24	160
10	147
26	109
12	153
28	138
14	111
30	115
0	1742
16	131
2	109
18	147
4	136
20	111
6	134
22	114
8	115
24	160
10	147
26	109
12	154
28	138
14	111
30	116
0	1073
16	132
2	108
18	146
4	136
20	110
6	134
22	114
8	116
24	161
10	148
26	110
12	154
28	139
14	112
30	116
0	2772
16	131
2	109
18	146
4	136
20	111
6	134
22	115
8	116
24	160
10	147
26	110
12	154
28	138
14	112
30	115
0	3801
16	131
2	109
18	147
4	136
20	110
6	134
22	114
8	116
24	161
10	148
26	110
12	155
28	139
14	112
30	115
0	1054
16	131
2	108
18	147
4	136
20	110
6	134
22	115
8	116
24	161
10	148
26	110
12	154
28	139
14	112
30	115
0	3667
16	131
2	109
18	147
4	136
20	110
6	134
22	114
8	116
24	161
10	148
26	110
12	154
28	139
14	112
30	116
0	2760
16	131
2	109
18	147
4	136
20	110
6	134
22	115
8	116
24	160
10	147
26	110
12	155
28	139
14	112
30	115
0	3729
16	132
2	110
18	147
4	136
20	110
6	133
22	114
8	116
24	160
10	147
26	110
12	154
28	138
14	112
30	115
0	1724
16	132
2	109
18	146
4	136
20	110
6	134
22	114
8	116
24	160
10	148
26	110
12	154
28	139
14	112
30	115
0	2049
16	131
2	109
18	147
4	136
20	110
6	134
22	113
8	115
24	160
10	147
26	109
12	154
28	138
14	112
30	115
0	1119
16	131
2	109
18	146
4	136
20	110
6	134
22	114
8	116
24	160
10	148
26	110
12	153
28	138
14	111
30	115
16	131
2	109
18	147
4	136
20	110
6	133
22	114
8	115
24	160
10	147
26	109
12	153
28	139
14	112
30	115
0	3181
16	131
2	109
18	147
4	136
20	110
6	134
22	114
8	116
24	161
10	148
26	110
12	154
28	139
14	112
30	115
0	2624
16	131
2	110
18	147
4	136
20	110
6	134
22	115
8	116
24	160
10	148
26	110
12	153
28	138
14	111
30	115
0	1742
16	131
2	109
18	147
4	136
20	110
6	134
22	115
8	116
24	161
10	147
26	110
12	154
28	139
14	111
30	114
16	131
2	109
18	147
4	136
20	110
6	133
22	114
8	115
24	160
10	147
26	109
12	153
28	138
14	111
30	115
16	131
2	109
18	146
4	136
20	110
6	134
22	114
8	116
24	160
10	148
26	110
12	153
28	139
14	111
30	115
0	1198
16	131
2	109
18	147
4	136
20	110
6	133
22	114
8	116
24	161
10	148
26	110
12	154
28	139
14	113
30	116
0	1789
16	131
2	109
18	147
4	137
20	111
6	134
22	115
8	117
24	161
10	148
26	110
12	154
28	139
14	112
30	116
0	1555
16	131
2	109
18	147
4	136
20	110
6	134
22	114
8	115
24	161
10	147
26	109
12	154
28	138
14	112
30	116
0	2190
16	131
2	109
18	147
4	136
20	110
6	134
22	114
8	116
24	160
10	147
26	109
12	154
28	138
14	112
30	115
0	1174
16	131
2	109
18	146
4	136
20	111
6	134
22	115
8	117
24	160
10	148
26	111
12	155
28	139
14	112
30	116
0	3611
16	131
2	109
18	147
4	136
20	110
6	134
22	115
8	116
24	161
10	147
26	109
12	153
28	138
14	111
30	115
16	131
2	109
18	147
4	135
20	110
6	133
22	114
8	116
24	161
10	147
26	110
12	154
28	139
14	112
30	116
0	2718
16	131
2	109
18	147
4	136
20	110
6	134
22	114
8	116
24	161
10	148
26	109
12	154
28	139
14	112
30	116
16	132
2	110
18	146
4	136
20	111
6	133
22	114
8	115
24	159
10	147
26	109
12	153
28	138
14	111
30	115
0	1132
16	132
2	108
18	147
4	135
20	110
6	134
22	115
8	116
24	161
10	148
26	110
12	154
28	139
14	112
30	116
16	132
2	110
18	146
4	136
20	111
6	134
22	114
8	116
24	160
10	147
26	110
12	153
28	138
14	111
30	115
0	2593
16	132
2	110
18	147
4	136
20	110
6	133
22	114
8	115
24	160
10	148
26	110
12	155
28	139
14	112
30	115
0	3281
16	131
2	109
18	147
4	136
20	110
6	133
22	114
8	116
24	161
10	148
26	110
12	154
28	139
14	112
30	116
0	1566
16	132
2	109
18	147
4	137
20	110
6	134
22	115
8	116
24	161
10	147
26	109
12	153
28	138
14	111
30	115
16	131
2	109
18	147
4	135
20	110
6	134
22	114
8	115
24	160
10	147
26	108
12	153
28	139
14	111
30	115
0	1077
16	131
2	108
18	146
4	136
20	110
6	134
22	114
8	116
24	160
10	148
26	110
12	155
28	139
14	112
30	116
16	132
2	109
18	147
4	136
20	110
6	133
22	114
8	115
24	160
10	148
26	110
12	154
28	138
14	111
30	116
0	2086
16	132
2	109
18	147
4	137
20	110
6	134
22	114
8	116
24	160
10	147
26	109
12	155
28	139
14	112
30	115
0	1562
16	132
2	108
18	146
4	136
20	110
6	134
22	115
8	116
24	161
10	148
26	110
12	154
28	139
14	112
30	116
0	1572
16	132
2	109
18	146
4	136
20	110
6	134
22	114
8	116
24	160
10	148
26	110
12	154
28	138
14	111
30	115
0	2199
16	131
2	108
18	146
4	136
20	111
6	134
22	114
8	116
24	161
10	148
26	110
12	155
28	138
14	111
30	116
0	3290
16	132
2	110
18	147
4	136
20	110
6	134
22	114
8	116
24	160
10	147
26	109
12	153
28	138
14	111
30	115
0	2799
16	131
2	109
18	146
4	136
20	109
6	134
22	114
8	116
24	160
10	148
26	110
12	154
28	139
14	112
30	115
0	1240
16	131
2	109
18	147
4	136
20	110
6	134
22	114
8	116
24	160
10	148
26	110
12	154
28	139
14	112
30	116
0	2718
16	132
2	109
18	146
4	136
20	110
6	134
22	115
8	116
24	161
10	148
26	111
12	154
28	139
14	112
30	115
0	3092
16	132
2	110
18	147
4	136
20	110
6	134
22	114
8	115
24	160
10	148
26	109
12	154
28	139
14	112
30	115
0	727
16	132
2	109
18	147
4	137
20	111
6	134
22	115
8	116
24	160
10	147
26	110
12	154
28	138
14	112
30	115
0	1538
16	131
2	108
18	147
4	136
20	110
6	133
22	114
8	116
24	161
10	147
26	110
12	154
28	139
14	112
30	116
0	1152
16	132
2	108
18	147
4	136
20	110
6	133
22	114
8	116
24	160
10	147
26	109
12	154
28	139
14	112
30	115
16	131
2	109
18	146
4	135
20	110
6	134
22	115
8	115
24	161
10	147
26	110
12	154
28	139
14	111
30	115
0	1179
16	131
2	109
18	147
4	136
20	110
6	134
22	115
8	116
24	160
10	147
26	110
12	153
28	138
14	112
30	115
16	131
2	110
18	147
4	136
20	110
6	134
22	114
8	116
24	160
10	147
26	109
12	154
28	139
14	111
30	115
0	587
16	132
2	108
18	146
4	136
20	110
6	134
22	115
8	116
24	161
10	148
26	110
12	154
28	139
14	112
30	116
0	2203
16	131
2	109
18	146
4	136
20	110
6	134
22	114
8	117
24	160
10	148
26	110
12	154
28	139
14	112
30	116
0	675
16	132
2	109
18	148
4	136
20	110
6	134
22	114
8	116
24	161
10	148
26	109
12	154
28	139
14	112
30	116
0	2133
16	132
2	109
18	146
4	136
20	110
6	134
22	114
8	117
24	161
10	148
26	110
12	155
28	139
14	112
30	116
0	711
16	129
2	106
18	144
4	134
20	107
6	131
22	112
8	114
24	158
10	145
26	108
12	152
28	137
14	110
30	113
16	132
2	110
18	147
4	136
20	110
6	133
22	114
8	115
24	161
10	148
26	109
12	153
28	138
14	111
30	115
0	2640
16	131
2	110
18	147
4	136
20	109
6	134
22	114
8	116
24	161
10	148
26	109
12	154
28	139
14	112
30	116
16	131
2	110
18	146
4	136
20	110
6	133
22	113
8	116
24	160
10	148
26	109
12	154
28	139
14	112
30	116
0	3744
16	131
2	110
18	147
4	137
20	110
6	134
22	115
8	116
24	161
10	148
26	109
12	154
28	138
14	111
30	115
0	2605
16	131
2	109
18	146
4	136
20	110
6	134
22	114
8	116
24	161
10	147
26	110
12	154
28	139
14	112
30	115
0	709
16	131
2	108
18	146
4	136
20	110
6	134
22	114
8	116
24	161
10	148
26	109
12	154
28	139
14	112
30	115
0	589
16	131
2	109
18	147
4	137
20	110
6	134
22	114
8	117
24	161
10	148
26	110
12	154
28	139
14	112
30	115
0	2677
16	131
2	109
18	147
4	137
20	111
6	134
22	114
8	116
24	161
10	148
26	111
12	154
28	139
14	112
30	116
0	3205
16	132
2	109
18	147
4	136
20	110
6	134
22	114
8	116
24	159
10	147
26	109
12	153
28	139
14	112
30	115
0	3625
16	132
2	110
18	146
4	137
20	110
6	134
22	114
8	116
24	161
10	148
26	109
12	154
28	138
14	111
30	115
0	3246
16	131
2	110
18	147
4	136
20	110
6	134
22	115
8	116
24	159
10	147
26	109
12	154
28	138
14	112
30	115
0	2572
16	132
2	109
18	147
4	136
20	110
6	134
22	114
8	117
24	161
10	148
26	110
12	155
28	139
14	113
30	115
16	131
2	109
18	147
4	136
20	110
6	133
22	114
8	116
24	161
10	147
26	109
12	153
28	138
14	111
30	115
0	2210
16	132
2	109
18	147
4	136
20	110
6	135
22	115
8	116
24	160
10	147
26	110
12	153
28	138
14	111
30	115
0	762
16	131
2	108
18	147
4	136
20	110
6	134
22	114
8	116
24	161
10	148
26	110
12	154
28	139
14	112
30	116
16	131
2	110
18	148
4	136
20	111
6	134
22	115
8	116
24	160
10	146
26	109
12	153
28	139
14	112
30	115
0	3777
16	131
2	109
18	146
4	137
20	111
6	134
22	114
8	117
24	161
10	147
26	110
12	154
28	139
14	112
30	116
0	2706
16	131
2	109
18	147
4	137
20	110
6	134
22	114
8	116
24	160
10	148
26	110
12	154
28	138
14	112
30	115
0	3238
16	131
2	109
18	147
4	135
20	110
6	134
22	114
8	116
24	160
10	147
26	109
12	154
28	139
14	112
30	115
0	3206
16	132
2	109
18	147
4	136
20	110
6	134
22	115
8	116
24	161
10	147
26	109
12	153
28	138
14	112
30	115
0	679
16	131
2	108
18	146
4	136
20	110
6	134
22	115
8	117
24	161
10	148
26	110
12	154
28	139
14	112
30	116
16	132
2	110
18	146
4	136
20	111
6	134
22	115
8	116
24	160
10	147
26	110
12	154
28	138
14	111
30	115
0	3636
16	132
2	109
18	147
4	136
20	110
6	134
22	114
8	116
24	161
10	147
26	109
12	154
28	138
14	111
30	115
16	132
2	110
18	146
4	136
20	110
6	134
22	115
8	116
24	160
10	147
26	110
12	153
28	138
14	111
30	116
0	2102
16	131
2	109
18	146
4	136
20	110
6	134
22	114
8	116
24	160
10	147
26	110
12	154
28	138
14	111
30	115
0	3164
16	132
2	109
18	147
4	136
20	110
6	134
22	115
8	116
24	161
10	148
26	110
12	154
28	139
14	112
30	116
0	1772
16	132
2	109
18	147
4	136
20	111
6	133
22	114
8	116
24	160
10	147
26	109
12	154
28	139
14	112
30	116
0	3260
16	132
2	110
18	147
4	136
20	110
6	134
22	114
8	116
24	161
10	148
26	110
12	154
28	139
14	113
30	116
0	2291
16	132
2	109
18	147
4	135
20	110
6	133
22	114
8	116
24	161
10	148
26	110
12	154
28	139
14	112
30	116
16	132
2	109
18	146
4	135
20	110
6	133
22	114
8	115
24	160
10	147
26	109
12	153
28	138
14	111
30	115
0	2765
16	131
2	109
18	147
4	136
20	110
6	134
22	115
8	116
24	160
10	148
26	110
12	154
28	138
14	111
30	114
16	132
2	109
18	147
4	135
20	110
6	134
22	114
8	116
24	160
10	148
26	109
12	153
28	138
14	111
30	114
16	131
2	109
18	146
4	135
20	110
6	134
22	114
8	116
24	161
10	148
26	110
12	154
28	139
14	112
30	115
0	3155
16	131
2	109
18	147
4	136
20	110
6	134
22	115
8	116
24	161
10	148
26	110
12	154
28	139
14	112
30	115
0	1583
16	132
2	109
18	147
4	136
20	111
6	134
22	114
8	115
24	160
10	147
26	110
12	153
28	138
14	112
30	115
16	131
2	109
18	146
4	135
20	110
6	134
22	114
8	115
24	160
10	147
26	110
12	153
28	139
14	111
30	114
0	2292
16	131
2	109
18	147
4	136
20	110
6	134
22	114
8	116
24	161
10	147
26	110
12	154
28	138
14	111
30	115
16	131
2	110
18	146
4	135
20	110
6	133
22	114
8	116
24	161
10	147
26	110
12	154
28	139
14	112
30	116
0	1123
16	132
2	109
18	147
4	136
20	110
6	134
22	115
8	116
24	160
10	148
26	110
12	154
28	138
14	112
30	115
0	3628
16	131
2	109
18	147
4	136
20	110
6	134
22	115
8	116
24	160
10	148
26	110
12	154
28	140
14	112
30	115
0	2059
16	132
2	109
18	146
4	136
20	111
6	134
22	115
8	116
24	161
10	148
26	110
12	153
28	138
14	111
30	115
0	3313
16	132
2	109
18	147
4	136
20	110
6	134
22	114
8	116
24	160
10	148
26	110
12	154
28	139
14	112
30	115
16	131
2	109
18	146
4	136
20	111
6	133
22	114
8	116
24	161
10	147
26	110
12	153
28	139
14	111
30	115
16	132
2	109
18	147
4	135
20	111
6	133
22	115
8	115
24	160
10	147
26	110
12	153
28	138
14	112
30	116
0	1196
16	131
2	108
18	147
4	136
20	110
6	134
22	115
8	116
24	161
10	148
26	110
12	154
28	139
14	111
30	116
0	3606
16	132
2	109
18	146
4	136
20	111
6	134
22	115
8	116
24	161
10	148
26	111
12	155
28	139
14	112
30	116
0	1227
16	131
2	108
18	147
4	136
20	111
6	134
22	115
8	116
24	161
10	148
26	110
12	154
28	139
14	112
30	115
0	1785
16	131
2	109
18	146
4	136
20	110
6	134
22	114
8	116
24	161
10	148
26	110
12	154
28	139
14	112
30	115
16	131
2	109
18	147
4	136
20	110
6	134
22	115
8	116
24	160
10	148
26	109
12	154
28	138
14	111
30	115
0	618
16	132
2	108
18	147
4	136
20	110
6	134
22	116
8	116
24	160
10	147
26	110
12	154
28	138
14	111
30	115
0	3169
16	131
2	109
18	147
4	136
20	111
6	135
22	114
8	116
24	160
10	147
26	109
12	153
28	138
14	111
30	115
0	3323
16	131
2	109
18	147
4	136
20	110
6	134
22	115
8	116
24	161
10	148
26	110
12	154
28	139
14	112
30	114
0	1664
16	132
2	109
18	148
4	137
20	110
6	134
22	114
8	116
24	160
10	148
26	110
12	154
28	139
14	111
30	115
16	132
2	109
18	147
4	137
20	110
6	134
22	115
8	116
24	161
10	148
26	110
12	154
28	139
14	112
30	115
0	3083
16	132
2	109
18	147
4	136
20	110
6	133
22	114
8	116
24	160
10	147
26	110
12	154
28	139
14	112
30	116
0	2146
16	132
2	109
18	147
4	136
20	110
6	134
22	114
8	116
24	160
10	148
26	110
12	154
28	139
14	112
30	115
0	2167
16	131
2	109
18	147
4	136
20	111
6	134
22	114
8	117
24	161
10	148
26	110
12	155
28	139
14	112
30	115
0	2680
16	131
2	109
18	147
4	136
20	110
6	134
22	115
8	116
24	161
10	148
26	110
12	154
28	139
14	111
30	115
0	2764
16	131
2	109
18	147
4	137
20	110
6	134
22	115
8	116
24	161
10	148
26	110
12	154
28	139
14	112
30	116
16	132
2	110
18	147
4	136
20	111
6	133
22	114
8	115
24	160
10	146
26	109
12	153
28	138
14	112
30	115
0	2717
16	132
2	109
18	147
4	136
20	110
6	134
22	114
8	116
24	161
10	147
26	110
12	154
28	138
14	111
30	115
0	2240
16	132
2	109
18	146
4	136
20	110
6	134
22	115
8	116
24	160
10	147
26	110
12	153
28	138
14	112
30	114
16	131
2	109
18	147
4	135
20	110
6	133
22	115
8	115
24	161
10	147
26	110
12	154
28	139
14	112
30	115
0	3082
16	131
2	109
18	146
4	136
20	110
6	134
22	114
8	116
24	161
10	148
26	110
12	155
28	139
14	113
30	115
0	2207
16	132
2	109
18	146
4	136
20	110
6	134
22	114
8	116
24	160
10	148
26	110
12	154
28	139
14	112
30	116
0	2253
16	132
2	109
18	147
4	136
20	110
6	133
22	114
8	116
24	160
10	148
26	111
12	155
28	139
14	112
30	116
0	3248
16	131
2	109
18	146
4	136
20	110
6	134
22	115
8	117
24	161
10	148
26	110
12	155
28	139
14	113
30	116
16	132
2	110
18	146
4	136
20	110
6	133
22	114
8	116
24	161
10	148
26	110
12	154
28	138
14	113
30	116
0	3598
16	131
2	109
18	147
4	137
20	110
6	134
22	115
8	117
24	161
10	148
26	110
12	154
28	139
14	113
30	116
0	3279
16	131
2	109
18	146
4	136
20	111
6	134
22	114
8	116
24	161
10	148
26	110
12	154
28	139
14	112
30	115
16	132
2	109
18	147
4	136
20	110
6	133
22	114
8	116
24	161
10	148
26	110
12	154
28	139
14	113
30	116
0	1773
16	132
2	108
18	146
4	136
20	111
6	134
22	115
8	116
24	161
10	149
26	110
12	155
28	139
14	113
30	117
0	1576
16	131
2	109
18	147
4	136
20	110
6	134
22	115
8	116
24	161
10	148
26	110
12	154
28	139
14	112
30	116
0	1566
16	130
2	109
18	147
4	137
20	111
6	134
22	115
8	116
24	161
10	148
26	110
12	153
28	139
14	112
30	115
16	131
2	109
18	146
4	137
20	110
6	133
22	114
8	116
24	161
10	147
26	109
12	153
28	138
14	111
30	115
16	132
2	110
18	146
4	137
20	110
6	134
22	115
8	116
24	160
10	148
26	110
12	155
28	139
14	113
30	116
16	131
2	109
18	147
4	137
20	110
6	134
22	115
8	116
24	161
10	148
26	110
12	155
28	140
14	112
30	115
0	2127
16	132
2	108
18	146
4	136
20	111
6	134
22	114
8	117
24	161
10	148
26	110
12	154
28	138
14	112
30	115
0	2181
16	131
2	109
18	147
4	136
20	110
6	134
22	113
8	116
24	160
10	147
26	110
12	154
28	138
14	112
30	116
0	1676
16	131
2	109
18	147
4	136
20	110
6	135
22	114
8	117
24	161
10	148
26	110
12	155
28	140
14	112
30	115
0	1165
16	131
2	108
18	146
4	136
20	110
6	134
22	114
8	117
24	161
10	148
26	110
12	155
28	139
14	113
30	116
0	1226
16	132
2	108
18	146
4	135
20	110
6	134
22	114
8	116
24	160
10	148
26	110
12	154
28	139
14	112
30	115
0	2143
16	131
2	108
18	147
4	135
20	111
6	134
22	114
8	116
24	161
10	147
26	109
12	154
28	138
14	111
30	115
0	3724
16	131
2	109
18	146
4	135
20	110
6	133
22	114
8	115
24	160
10	147
26	110
12	154
28	139
14	112
30	115
0	1604
16	131
2	109
18	147
4	136
20	111
6	134
22	114
8	116
24	161
10	147
26	109
12	154
28	138
14	111
30	115
16	132
2	109
18	147
4	135
20	110
6	133
22	114
8	115
24	160
10	147
26	110
12	154
28	139
14	111
30	116
0	2263
16	131
2	109
18	146
4	136
20	111
6	133
22	114
8	115
24	160
10	147
26	109
12	153
28	138
14	111
30	115
16	132
2	109
18	146
4	136
20	110
6	133
22	115
8	115
24	160
10	148
26	110
12	154
28	139
14	111
30	115
16	132
2	109
18	147
4	136
20	110
6	132
22	114
8	114
24	160
10	147
26	109
12	154
28	139
14	111
30	115
16	132
2	110
18	146
4	135
20	110
6	133
22	114
8	115
24	160
10	147
26	110
12	153
28	139
14	111
30	116
0	1066
16	132
2	109
18	147
4	136
20	110
6	133
22	114
8	115
24	160
10	147
26	109
12	154
28	139
14	112
30	115
0	1541
16	132
2	108
18	147
4	135
20	110
6	133
22	114
8	115
24	160
10	147
26	109
12	154
28	139
14	112
30	115
0	1558
16	131
2	108
18	147
4	136
20	111
6	133
22	114
8	115
24	160
10	148
26	111
12	154
28	139
14	111
30	115
16	132
2	109
18	147
4	135
20	110
6	133
22	115
8	116
24	160
10	147
26	110
12	154
28	139
14	111
30	115
0	3584
16	132
2	109
18	146
4	136
20	109
6	133
22	114
8	115
24	160
10	147
26	110
12	154
28	139
14	112
30	115
0	3642
16	132
2	109
18	147
4	135
20	110
6	133
22	114
8	115
24	161
10	148
26	110
12	154
28	138
14	112
30	116
0	3197
16	131
2	109
18	146
4	136
20	110
6	133
22	113
8	115
24	160
10	147
26	109
12	154
28	138
14	111
30	116
16	132
2	109
18	146
4	136
20	110
6	133
22	114
8	115
24	161
10	147
26	110
12	154
28	139
14	112
30	116
0	3165
16	131
2	109
18	147
4	136
20	111
6	134
22	115
8	116
24	161
10	148
26	110
12	154
28	139
14	112
30	115
0	1782
16	131
2	108
18	146
4	136
20	110
6	133
22	115
8	115
24	161
10	147
26	110
12	154
28	139
14	112
30	115
16	132
2	110
18	147
4	135
20	110
6	132
22	114
8	114
24	160
10	147
26	109
12	153
28	138
14	111
30	114
0	3262
16	131
2	109
18	146
4	136
20	109
6	133
22	115
8	116
24	161
10	147
26	110
12	154
28	139
14	112
30	116
0	765
16	131
2	108
18	147
4	136
20	110
6	134
22	115
8	116
24	161
10	148
26	109
12	154
28	138
14	111
30	114
0	1062
16	131
2	108
18	147
4	136
20	110
6	134
22	115
8	116
24	160
10	148
26	110
12	154
28	139
14	111
30	115
16	132
2	109
18	146
4	135
20	110
6	133
22	114
8	115
24	160
10	147
26	110
12	154
28	139
14	111
30	116
0	3730
16	132
2	109
18	147
4	136
20	110
6	133
22	114
8	115
24	160
10	146
26	109
12	153
28	139
14	112
30	115
0	1261
16	131
2	109
18	147
4	136
20	111
6	134
22	114
8	116
24	160
10	147
26	109
12	153
28	138
14	111
30	115
0	2206
16	131
2	108
18	147
4	136
20	110
6	133
22	114
8	116
24	160
10	147
26	109
12	153
28	138
14	111
30	115
16	131
2	109
18	147
4	135
20	110
6	133
22	114
8	115
24	160
10	147
26	110
12	153
28	139
14	111
30	116
0	3233
16	132
2	109
18	146
4	136
20	111
6	134
22	114
8	116
24	161
10	148
26	110
12	154
28	138
14	112
30	115
16	131
2	109
18	146
4	136
20	110
6	133
22	114
8	115
24	160
10	147
26	109
12	153
28	139
14	112
30	115
0	1167
16	132
2	109
18	147
4	136
20	111
6	134
22	114
8	116
24	161
10	148
26	109
12	154
28	139
14	111
30	115
16	131
2	110
18	147
4	136
20	110
6	133
22	114
8	115
24	161
10	147
26	110
12	153
28	138
14	111
30	115
0	2114
16	132
2	109
18	147
4	136
20	110
6	134
22	114
8	116
24	161
10	147
26	109
12	154
28	138
14	112
30	115
0	3293
16	131
2	109
18	147
4	136
20	111
6	134
22	114
8	115
24	160
10	147
26	109
12	154
28	138
14	111
30	115
0	3218
16	131
2	109
18	146
4	136
20	110
6	134
22	114
8	116
24	160
10	147
26	109
12	153
28	138
14	111
30	115
16	132
2	110
18	147
4	135
20	109
6	132
22	114
8	115
24	160
10	147
26	110
12	153
28	139
14	111
30	115
0	2659
16	131
2	109
18	146
4	136
20	111
6	133
22	114
8	116
24	160
10	147
26	110
12	154
28	139
14	112
30	116
16	131
2	108
18	147
4	135
20	109
6	133
22	114
8	116
24	160
10	147
26	110
12	153
28	139
14	112
30	115
16	132
2	109
18	146
4	135
20	110
6	132
22	114
8	115
24	161
10	147
26	110
12	153
28	139
14	111
30	116
0	2231
16	131
2	109
18	147
4	136
20	110
6	133
22	115
8	116
24	161
10	148
26	110
12	154
28	139
14	112
30	115
0	2152
16	132
2	108
18	146
4	136
20	110
6	134
22	115
8	116
24	161
10	148
26	110
12	154
28	139
14	111
30	115
16	131
2	109
18	146
4	136
20	110
6	133
22	115
8	116
24	161
10	147
26	109
12	154
28	139
14	111
30	115
0	2620
16	132
2	109
18	147
4	136
20	110
6	134
22	114
8	115
24	160
10	147
26	110
12	154
28	139
14	112
30	115
0	678
16	132
2	108
18	147
4	136
20	110
6	134
22	114
8	116
24	161
10	147
26	110
12	154
28	138
14	111
30	115
0	3278
16	131
2	109
18	147
4	137
20	110
6	134
22	114
8	115
24	160
10	147
26	110
12	154
28	138
14	111
30	115
0	3319
16	131
2	109
18	146
4	136
20	110
6	134
22	115
8	117
24	161
10	148
26	110
12	154
28	139
14	112
30	115
0	3839
16	131
2	110
18	147
4	136
20	110
6	133
22	114
8	115
24	161
10	147
26	110
12	154
28	138
14	112
30	115
0	3322
16	131
2	109
18	147
4	136
20	109
6	133
22	114
8	116
24	160
10	148
26	110
12	154
28	139
14	112
30	115
16	131
2	109
18	147
4	136
20	110
6	133
22	114
8	115
24	160
10	147
26	110
12	154
28	138
14	111
30	115
0	2739
16	131
2	109
18	147
4	136
20	110
6	134
22	114
8	116
24	161
10	148
26	109
12	154
28	138
14	111
30	115
0	3086
16	132
2	109
18	147
4	136
20	110
6	134
22	114
8	116
24	161
10	148
26	110
12	154
28	138
14	112
30	115
0	3231
16	132
2	109
18	147
4	136
20	110
6	133
22	114
8	116
24	160
10	147
26	110
12	154
28	139
14	112
30	115
0	2291
16	132
2	109
18	147
4	136
20	110
6	134
22	115
8	116
24	160
10	147
26	110
12	153
28	139
14	111
30	115
0	3780
16	131
2	109
18	146
4	136
20	110
6	134
22	114
8	116
24	161
10	148
26	110
12	154
28	139
14	112
30	115
0	3629
16	132
2	109
18	147
4	136
20	110
6	134
22	114
8	116
24	160
10	147
26	109
12	153
28	139
14	111
30	115
16	131
2	109
18	147
4	135
20	109
6	133
22	115
8	116
24	160
10	148
26	110
12	153
28	139
14	111
30	116
0	3641
16	132
2	109
18	147
4	137
20	110
6	134
22	114
8	116
24	160
10	147
26	109
12	153
28	139
14	112
30	115
0	3257
16	131
2	109
18	147
4	136
20	110
6	134
22	114
8	116
24	160
10	147
26	110
12	153
28	139
14	111
30	114
0	3606
16	132
2	109
18	147
4	136
20	110
6	134
22	115
8	116
24	161
10	147
26	110
12	154
28	138
14	111
30	114
0	3081
16	131
2	109
18	146
4	136
20	110
6	133
22	114
8	116
24	161
10	148
26	109
12	154
28	139
14	112
30	115
0	3287
16	131
2	110
18	147
4	136
20	110
6	134
22	114
8	116
24	160
10	147
26	109
12	154
28	139
14	111
30	115
16	131
2	109
18	146
4	135
20	110
6	133
22	115
8	116
24	160
10	147
26	110
12	154
28	139
14	111
30	115
16	131
2	109
18	147
4	136
20	111
6	133
22	114
8	115
24	160
10	147
26	110
12	154
28	139
14	111
30	115
0	2288
16	132
2	109
18	147
4	136
20	110
6	134
22	114
8	116
24	161
10	147
26	110
12	154
28	139
14	112
30	115
0	2667
16	132
2	109
18	147
4	136
20	110
6	134
22	115
8	116
24	161
10	147
26	111
12	154
28	139
14	112
30	115
16	132
2	110
18	146
4	135
20	110
6	133
22	115
8	116
24	161
10	147
26	110
12	153
28	139
14	110
30	115
0	2078
16	131
2	109
18	146
4	136
20	110
6	134
22	114
8	116
24	160
10	148
26	110
12	154
28	139
14	112
30	116
0	1547
16	132
2	108
18	146
4	136
20	110
6	134
22	115
8	116
24	160
10	148
26	110
12	154
28	139
14	112
30	116
16	132
2	109
18	146
4	136
20	110
6	133
22	114
8	116
24	160
10	147
26	110
12	154
28	139
14	112
30	116
0	3208
16	132
2	109
18	147
4	136
20	110
6	134
22	114
8	116
24	160
10	147
26	110
12	154
28	139
14	112
30	115
16	131
2	109
18	146
4	135
20	111
6	133
22	114
8	115
24	161
10	146
26	110
12	154
28	139
14	111
30	115
0	1236
16	131
2	109
18	147
4	136
20	111
6	133
22	115
8	117
24	161
10	147
26	110
12	154
28	139
14	112
30	115
0	2129
16	131
2	108
18	147
4	136
20	110
6	134
22	114
8	116
24	161
10	148
26	110
12	154
28	139
14	112
30	115
0	2656
16	131
2	109
18	147
4	136
20	110
6	133
22	115
8	116
24	160
10	147
26	110
12	154
28	139
14	111
30	115
0	1572
16	131
2	108
18	147
4	136
20	110
6	134
22	115
8	116
24	160
10	148
26	110
12	154
28	139
14	112
30	115
0	2101
16	131
2	109
18	147
4	136
20	110
6	133
22	115
8	116
24	160
10	148
26	110
12	154
28	139
14	112
30	115
0	1670
16	132
2	109
18	147
4	136
20	110
6	133
22	114
8	116
24	160
10	147
26	109
12	153
28	138
14	112
30	115
0	2810
16	132
2	109
18	147
4	136
20	111
6	134
22	115
8	116
24	160
10	147
26	110
12	154
28	138
14	111
30	115
0	1120
16	131
2	109
18	147
4	136
20	110
6	134
22	114
8	115
24	160
10	147
26	109
12	153
28	139
14	112
30	115
0	2064
16	132
2	109
18	146
4	135
20	110
6	133
22	114
8	116
24	160
10	148
26	110
12	155
28	139
14	113
30	115
0	1599
16	131
2	109
18	146
4	136
20	109
6	134
22	114
8	116
24	160
10	147
26	110
12	154
28	139
14	112
30	116
0	2174
16	132
2	109
18	147
4	136
20	110
6	133
22	114
8	115
24	159
10	147
26	110
12	154
28	139
14	112
30	115
0	2586
16	131
2	109
18	147
4	136
20	111
6	134
22	114
8	116
24	160
10	147
26	109
12	154
28	138
14	112
30	115
16	132
2	109
18	146
4	135
20	110
6	133
22	115
8	116
24	160
10	147
26	110
12	153
28	139
14	111
30	115
0	2281
16	131
2	109
18	147
4	136
20	110
6	134
22	115
8	116
24	161
10	147
26	110
12	154
28	138
14	111
30	115
16	131
2	109
18	146
4	135
20	110
6	133
22	115
8	115
24	160
10	148
26	111
12	154
28	139
14	112
30	115
0	2742
16	131
2	109
18	146
4	135
20	110
6	133
22	114
8	116
24	161
10	147
26	110
12	154
28	139
14	112
30	115
0	3236
16	131
2	110
18	147
4	136
20	110
6	134
22	114
8	115
24	159
10	147
26	109
12	153
28	138
14	112
30	115
0	2732
16	132
2	109
18	147
4	136
20	110
6	133
22	114
8	115
24	160
10	147
26	109
12	154
28	138
14	112
30	115
0	686
16	128
2	106
18	144
4	133
20	107
6	131
22	112
8	113
24	158
10	145
26	108
12	151
28	136
14	109
30	112
0	1676
16	131
2	108
18	147
4	136
20	110
6	134
22	115
8	116
24	161
10	148
26	111
12	154
28	139
14	112
30	115
0	2709
16	131
2	109
18	147
4	136
20	110
6	134
22	114
8	116
24	161
10	147
26	110
12	154
28	139
14	112
30	115
16	132
2	109
18	147
4	137
20	110
6	134
22	115
8	116
24	160
10	147
26	110
12	153
28	138
14	111
30	115
0	1257
16	132
2	108
18	146
4	135
20	110
6	134
22	114
8	116
24	161
10	147
26	110
12	154
28	139
14	112
30	116
0	1539
16	132
2	109
18	147
4	136
20	111
6	134
22	114
8	115
24	159
10	147
26	109
12	153
28	138
14	111
30	116
0	2569
16	132
2	109
18	147
4	136
20	110
6	134
22	114
8	116
24	161
10	147
26	111
12	154
28	139
14	112
30	116
16	131
2	109
18	146
4	135
20	110
6	133
22	114
8	115
24	161
10	147
26	110
12	153
28	139
14	111
30	116
16	131
2	109
18	147
4	135
20	110
6	133
22	114
8	115
24	160
10	147
26	109
12	153
28	138
14	111
30	115
0	2675
16	132
2	109
18	147
4	135
20	110
6	134
22	114
8	115
24	159
10	147
26	110
12	154
28	138
14	111
30	115
0	2110
16	131
2	109
18	147
4	136
20	110
6	134
22	114
8	116
24	161
10	147
26	109
12	153
28	138
14	111
30	114
0	2156
16	131
2	108
18	146
4	136
20	110
6	134
22	115
8	116
24	160
10	148
26	110
12	154
28	139
14	112
30	116
0	3223
16	132
2	109
18	146
4	136
20	110
6	133
22	114
8	116
24	160
10	147
26	109
12	153
28	138
14	111
30	115
0	3807
16	132
2	110
18	146
4	136
20	110
6	134
22	114
8	115
24	160
10	147
26	109
12	154
28	138
14	112
30	115
16	131
2	109
18	146
4	135
20	109
6	133
22	115
8	115
24	161
10	147
26	110
12	154
28	139
14	111
30	116
0	582
16	131
2	108
18	147
4	136
20	110
6	134
22	114
8	116
24	160
10	147
26	109
12	154
28	138
14	111
30	115
0	2289
16	131
2	109
18	147
4	136
20	110
6	134
22	114
8	116
24	161
10	148
26	110
12	154
28	138
14	111
30	115
0	2095
16	131
2	108
18	147
4	136
20	110
6	134
22	114
8	116
24	161
10	148
26	110
12	154
28	139
14	112
30	115
0	1260
16	131
2	108
18	147
4	136
20	110
6	133
22	114
8	115
24	161
10	148
26	110
12	154
28	139
14	111
30	115
16	131
2	110
18	147
4	136
20	110
6	133
22	114
8	115
24	160
10	147
26	109
12	154
28	138
14	111
30	116
0	3143
16	131
2	109
18	146
4	136
20	110
6	134
22	114
8	116
24	161
10	148
26	110
12	153
28	139
14	112
30	116
16	132
2	109
18	146
4	136
20	110
6	133
22	114
8	116
24	160
10	147
26	110
12	153
28	139
14	111
30	115
0	2814
16	131
2	109
18	147
4	136
20	110
6	134
22	115
8	115
24	160
10	147
26	110
12	154
28	138
14	111
30	115
0	2758
16	132
2	109
18	146
4	136
20	110
6	134
22	115
8	116
24	160
10	147
26	110
12	154
28	139
14	111
30	115
16	132
2	109
18	147
4	136
20	110
6	133
22	114
8	116
24	160
10	147
26	110
12	153
28	138
14	111
30	116
0	699
16	132
2	108
18	146
4	136
20	110
6	134
22	114
8	116
24	161
10	148
26	110
12	154
28	139
14	111
30	115
16	130
2	109
18	146
4	136
20	110
6	134
22	114
8	116
24	161
10	147
26	110
12	154
28	139
14	112
30	115
16	132
2	109
18	146
4	135
20	110
6	133
22	114
8	116
24	160
10	147
26	110
12	153
28	138
14	111
30	115
16	132
2	109
18	147
4	135
20	110
6	133
22	114
8	115
24	160
10	147
26	109
12	153
28	138
14	111
30	115
0	2079
16	132
2	109
18	147
4	136
20	110
6	134
22	114
8	116
24	161
10	148
26	110
12	154
28	138
14	112
30	115
0	2238
16	132
2	109
18	146
4	136
20	111
6	134
22	115
8	116
24	160
10	147
26	110
12	154
28	138
14	111
30	115
16	132
2	109
18	146
4	136
20	110
6	133
22	113
8	115
24	161
10	147
26	110
12	154
28	138
14	112
30	116
0	2259
16	131
2	109
18	146
4	136
20	110
6	134
22	114
8	116
24	160
10	147
26	111
12	154
28	138
14	112
30	115
0	3695
16	132
2	110
18	146
4	137
20	110
6	134
22	114
8	116
24	160
10	147
26	109
12	154
28	138
14	112
30	114
0	2302
16	131
2	109
18	147
4	136
20	110
6	134
22	114
8	116
24	160
10	147
26	109
12	154
28	138
14	111
30	115
0	2100
16	131
2	109
18	147
4	137
20	110
6	134
22	114
8	116
24	160
10	147
26	109
12	154
28	138
14	112
30	116
0	3630
16	132
2	109
18	147
4	136
20	110
6	134
22	114
8	115
24	160
10	147
26	110
12	154
28	138
14	111
30	115
0	2787
16	132
2	109
18	146
4	136
20	110
6	134
22	115
8	116
24	161
10	148
26	110
12	154
28	138
14	111
30	114
16	132
2	109
18	146
4	136
20	111
6	134
22	114
8	115
24	161
10	147
26	110
12	153
28	138
14	111
30	115
0	2145
16	131
2	109
18	147
4	136
20	110
6	134
22	115
8	116
24	161
10	148
26	111
12	154
28	139
14	112
30	116
0	3283
16	132
2	109
18	147
4	136
20	111
6	134
22	115
8	116
24	160
10	148
26	109
12	154
28	138
14	112
30	115
16	132
2	110
18	147
4	136
20	110
6	133
22	114
8	115
24	160
10	148
26	110
12	154
28	139
14	111
30	115
0	595
16	132
2	108
18	147
4	136
20	111
6	134
22	114
8	115
24	160
10	148
26	110
12	154
28	139
14	112
30	115
0	1632
16	132
2	109
18	147
4	136
20	110
6	134
22	113
8	115
24	160
10	148
26	110
12	154
28	138
14	112
30	116
16	131
2	109
18	147
4	136
20	110
6	133
22	114
8	115
24	160
10	146
26	109
12	153
28	138
14	112
30	116
16	131
2	109
18	147
4	136
20	110
6	134
22	114
8	116
24	160
10	148
26	110
12	155
28	139
14	112
30	116
0	1208
16	132
2	108
18	147
4	135
20	110
6	134
22	114
8	115
24	160
10	147
26	109
12	154
28	138
14	112
30	115
16	131
2	109
18	146
4	136
20	110
6	134
22	114
8	115
24	160
10	147
26	109
12	153
28	138
14	112
30	115
0	3655
16	131
2	109
18	147
4	136
20	110
6	134
22	114
8	116
24	161
10	147
26	110
12	155
28	139
14	112
30	116
0	1612
16	132
2	109
18	147
4	136
20	110
6	134
22	115
8	116
24	160
10	148
26	110
12	154
28	139
14	112
30	115
0	3120
16	132
2	109
18	147
4	136
20	110
6	134
22	114
8	116
24	160
10	147
26	109
12	154
28	139
14	112
30	115
0	1221
16	132
2	108
18	147
4	136
20	110
6	133
22	113
8	115
24	160
10	147
26	110
12	154
28	139
14	112
30	116
0	3175
16	132
2	109
18	147
4	136
20	110
6	134
22	114
8	116
24	160
10	148
26	110
12	154
28	139
14	112
30	115
0	3117
16	132
2	110
18	147
4	136
20	110
6	134
22	115
8	116
24	161
10	148
26	110
12	154
28	138
14	111
30	115
0	3777
16	132
2	110
18	147
4	137
20	111
6	134
22	114
8	116
24	160
10	148
26	110
12	154
28	138
14	111
30	115
16	132
2	110
18	147
4	136
20	110
6	134
22	114
8	115
24	160
10	148
26	110
12	154
28	139
14	112
30	115
0	1606
16	132
2	109
18	147
4	136
20	110
6	134
22	115
8	116
24	161
10	148
26	110
12	154
28	138
14	111
30	116
0	1663
16	131
2	109
18	147
4	136
20	110
6	134
22	114
8	116
24	161
10	147
26	110
12	154
28	139
14	112
30	116
0	2560
16	132
2	109
18	146
4	136
20	110
6	134
22	114
8	116
24	160
10	147
26	109
12	154
28	138
14	111
30	115
0	1178
16	131
2	109
18	147
4	136
20	110
6	134
22	114
8	116
24	161
10	148
26	110
12	154
28	139
14	112
30	115
0	3699
16	132
2	110
18	146
4	136
20	110
6	134
22	114
8	116
24	161
10	148
26	110
12	155
28	138
14	112
30	116
0	2738
16	131
2	109
18	146
4	136
20	111
6	134
22	114
8	116
24	160
10	147
26	110
12	153
28	138
14	111
30	115
16	131
2	109
18	147
4	136
20	110
6	133
22	114
8	116
24	161
10	147
26	109
12	154
28	139
14	112
30	116
0	1125
16	131
2	109
18	147
4	137
20	110
6	134
22	114
8	116
24	160
10	147
26	110
12	154
28	139
14	112
30	116
0	3292
16	131
2	109
18	146
4	136
20	110
6	134
22	114
8	116
24	161
10	148
26	111
12	154
28	139
14	112
30	115
0	3322
16	131
2	109
18	146
4	136
20	110
6	134
22	114
8	116
24	161
10	148
26	110
12	154
28	139
14	111
30	115
0	1124
16	132
2	108
18	146
4	136
20	110
6	134
22	114
8	116
24	160
10	147
26	110
12	154
28	138
14	111
30	115
0	3671
16	131
2	110
18	147
4	136
20	110
6	134
22	114
8	116
24	161
10	148
26	110
12	154
28	139
14	112
30	114
0	1744
16	132
2	109
18	147
4	136
20	110
6	134
22	114
8	116
24	160
10	148
26	110
12	154
28	138
14	111
30	115
0	1076
16	131
2	109
18	147
4	136
20	110
6	135
22	115
8	116
24	161
10	148
26	110
12	155
28	139
14	112
30	116
16	132
2	110
18	147
4	136
20	110
6	134
22	114
8	116
24	161
10	148
26	110
12	154
28	139
14	111
30	115
0	2105
16	132
2	109
18	147
4	136
20	110
6	134
22	115
8	116
24	160
10	147
26	110
12	154
28	138
14	112
30	115
0	2066
16	132
2	109
18	147
4	136
20	110
6	134
22	114
8	116
24	160
10	147
26	110
12	154
28	138
14	112
30	115
16	131
2	110
18	147
4	136
20	110
6	133
22	114
8	115
24	160
10	147
26	109
12	153
28	138
14	111
30	115
0	1661
16	131
2	109
18	147
4	136
20	110
6	134
22	115
8	116
24	160
10	147
26	109
12	154
28	138
14	111
30	115
16	131
2	109
18	147
4	136
20	110
6	134
22	114
8	115
24	161
10	147
26	110
12	154
28	138
14	111
30	115
0	1700
16	131
2	109
18	147
4	136
20	110
6	133
22	114
8	116
24	161
10	148
26	110
12	154
28	138
14	112
30	115
16	131
2	109
18	147
4	136
20	110
6	133
22	114
8	115
24	161
10	147
26	109
12	153
28	138
14	111
30	115
0	1211
16	131
2	109
18	146
4	136
20	110
6	135
22	115
8	117
24	161
10	148
26	110
12	154
28	139
14	112
30	116
0	2635
16	131
2	109
18	147
4	136
20	110
6	134
22	114
8	116
24	161
10	148
26	110
12	154
28	138
14	112
30	115
0	3074
16	131
2	109
18	146
4	136
20	110
6	134
22	114
8	116
24	161
10	148
26	110
12	154
28	138
14	112
30	116
16	131
2	110
18	147
4	136
20	110
6	134
22	115
8	116
24	161
10	147
26	110
12	153
28	139
14	111
30	115
0	3274
16	132
2	110
18	147
4	136
20	110
6	134
22	114
8	116
24	160
10	147
26	110
12	154
28	139
14	112
30	116
0	1268
16	131
2	109
18	147
4	136
20	110
6	134
22	114
8	116
24	161
10	148
26	110
12	154
28	138
14	112
30	115
16	132
2	109
18	146
4	135
20	110
6	133
22	114
8	115
24	161
10	147
26	110
12	154
28	139
14	112
30	116
0	3215
16	132
2	110
18	147
4	137
20	110
6	134
22	114
8	116
24	160
10	147
26	110
12	154
28	139
14	111
30	115
0	3762
16	131
2	110
18	147
4	137
20	110
6	134
22	114
8	116
24	161
10	148
26	110
12	154
28	138
14	112
30	115
16	132
2	110
18	146
4	136
20	110
6	134
22	114
8	116
24	161
10	147
26	110
12	154
28	139
14	112
30	115
0	2289
16	132
2	109
18	147
4	136
20	110
6	133
22	114
8	116
24	160
10	147
26	109
12	154
28	138
14	112
30	115
0	3249
16	131
2	109
18	146
4	136
20	110
6	134
22	115
8	117
24	161
10	148
26	110
12	154
28	139
14	112
30	115
16	131
2	109
18	147
4	136
20	110
6	133
22	114
8	115
24	161
10	147
26	110
12	154
28	139
14	111
30	115
16	131
2	109
18	147
4	136
20	110
6	133
22	114
8	116
24	161
10	147
26	110
12	153
28	139
14	112
30	116
0	1214
16	132
2	109
18	147
4	136
20	110
6	134
22	114
8	116
24	160
10	148
26	110
12	154
28	138
14	112
30	115
0	2719
16	131
2	109
18	147
4	136
20	110
6	134
22	114
8	116
24	161
10	148
26	109
12	153
28	139
14	111
30	115
0	2076
16	132
2	109
18	147
4	136
20	111
6	133
22	114
8	116
24	160
10	147
26	110
12	154
28	139
14	112
30	115
0	1620
16	132
2	109
18	147
4	136
20	110
6	133
22	114
8	116
24	161
10	148
26	110
12	154
28	139
14	112
30	116
16	132
2	111
18	147
4	137
20	110
6	134
22	114
8	116
24	160
10	147
26	109
12	154
28	139
14	111
30	116
0	1604
16	131
2	109
18	147
4	136
20	110
6	134
22	115
8	116
24	161
10	148
26	110
12	154
28	139
14	112
30	116
16	131
2	110
18	147
4	135
20	109
6	133
22	114
8	115
24	161
10	147
26	110
12	154
28	139
14	111
30	116
16	131
2	110
18	147
4	136
20	111
6	134
22	114
8	116
24	161
10	147
26	110
12	154
28	138
14	111
30	115
0	2261
16	132
2	109
18	146
4	136
20	110
6	134
22	114
8	117
24	160
10	147
26	110
12	154
28	138
14	112
30	115
0	1561
16	131
2	108
18	146
4	136
20	110
6	134
22	115
8	116
24	161
10	147
26	110
12	154
28	138
14	111
30	115
0	3155
16	131
2	110
18	147
4	136
20	111
6	134
22	114
8	116
24	161
10	147
26	109
12	153
28	138
14	112
30	115
0	3633
16	132
2	110
18	147
4	136
20	110
6	134
22	114
8	116
24	160
10	147
26	109
12	153
28	139
14	112
30	116
0	3230
16	132
2	109
18	147
4	137
20	110
6	134
22	114
8	117
24	161
10	147
26	110
12	154
28	138
14	112
30	115
16	132
2	109
18	148
4	136
20	110
6	133
22	114
8	115
24	160
10	148
26	110
12	153
28	138
14	112
30	115
0	1545
16	131
2	109
18	147
4	136
20	110
6	134
22	114
8	116
24	161
10	148
26	110
12	154
28	138
14	112
30	115
16	132
2	109
18	147
4	136
20	110
6	133
22	114
8	115
24	160
10	147
26	109
12	152
28	138
14	111
30	115
16	132
2	110
18	147
4	136
20	110
6	134
22	114
8	115
24	160
10	147
26	110
12	153
28	138
14	111
30	116
0	3094
16	131
2	110
18	147
4	137
20	111
6	134
22	113
8	115
24	160
10	148
26	109
12	154
28	138
14	113
30	116
16	131
2	109
18	146
4	136
20	110
6	134
22	115
8	116
24	160
10	148
26	110
12	154
28	139
14	112
30	116
16	132
2	109
18	147
4	136
20	109
6	133
22	114
8	116
24	161
10	147
26	110
12	154
28	139
14	112
30	115
0	1567
16	132
2	109
18	147
4	136
20	110
6	134
22	115
8	116
24	161
10	147
26	109
12	154
28	139
14	112
30	115
0	2294
16	132
2	109
18	147
4	136
20	110
6	133
22	114
8	115
24	160
10	147
26	109
12	154
28	139
14	112
30	115
16	131
2	109
18	147
4	136
20	110
6	133
22	114
8	116
24	161
10	148
26	110
12	154
28	139
14	112
30	116
0	2640
16	132
2	108
18	146
4	136
20	110
6	134
22	115
8	116
24	160
10	148
26	110
12	155
28	139
14	112
30	115
16	132
2	110
18	146
4	136
20	110
6	133
22	114
8	116
24	160
10	147
26	110
12	153
28	138
14	112
30	115
0	2051
16	131
2	109
18	148
4	136
20	111
6	134
22	114
8	116
24	161
10	148
26	110
12	154
28	139
14	112
30	115
16	131
2	109
18	147
4	136
20	110
6	133
22	115
8	116
24	160
10	148
26	110
12	154
28	139
14	111
30	115
16	132
2	110
18	147
4	136
20	111
6	134
22	114
8	115
24	160
10	147
26	110
12	153
28	138
14	112
30	115
0	2692
16	131
2	109
18	147
4	137
20	110
6	133
22	114
8	115
24	160
10	147
26	109
12	154
28	139
14	112
30	116
0	2781
16	131
2	109
18	147
4	136
20	110
6	134
22	115
8	116
24	161
10	148
26	111
12	155
28	140
14	112
30	115
16	131
2	109
18	146
4	135
20	110
6	133
22	114
8	116
24	160
10	148
26	110
12	154
28	139
14	112
30	116
16	132
2	110
18	146
4	136
20	111
6	133
22	115
8	116
24	160
10	148
26	110
12	154
28	139
14	111
30	115
16	132
2	109
18	147
4	136
20	110
6	133
22	114
8	115
24	160
10	147
26	110
12	153
28	139
14	111
30	116
16	131
2	109
18	147
4	136
20	110
6	133
22	114
8	116
24	161
10	147
26	110
12	154
28	138
14	112
30	115
0	2093
16	132
2	109
18	146
4	137
20	110
6	134
22	114
8	116
24	160
10	148
26	110
12	153
28	138
14	112
30	115
16	132
2	110
18	146
4	136
20	110
6	134
22	115
8	116
24	161
10	148
26	110
12	154
28	139
14	111
30	115
16	132
2	109
18	147
4	136
20	110
6	134
22	115
8	115
24	160
10	146
26	109
12	153
28	139
14	111
30	115
0	2262
16	132
2	109
18	147
4	137
20	110
6	134
22	115
8	116
24	161
10	148
26	110
12	154
28	138
14	112
30	115
16	131
2	109
18	147
4	136
20	110
6	133
22	114
8	115
24	160
10	147
26	109
12	154
28	139
14	112
30	116
0	2244
16	132
2	109
18	147
4	136
20	111
6	134
22	115
8	116
24	161
10	148
26	110
12	154
28	139
14	112
30	116
0	2189
16	131
2	109
18	147
4	137
20	111
6	134
22	115
8	116
24	161
10	148
26	109
12	154
28	138
14	111
30	115
0	2618
16	131
2	109
18	147
4	136
20	110
6	135
22	115
8	116
24	161
10	147
26	110
12	154
28	138
14	112
30	115
0	592
16	131
2	108
18	147
4	136
20	110
6	134
22	114
8	116
24	161
10	148
26	110
12	154
28	139
14	112
30	115
0	3113
16	131
2	109
18	147
4	136
20	110
6	134
22	115
8	116
24	160
10	147
26	109
12	154
28	138
14	111
30	115
16	131
2	109
18	146
4	136
20	110
6	134
22	114
8	116
24	161
10	148
26	110
12	154
28	139
14	112
30	115
16	131
2	109
18	147
4	136
20	110
6	134
22	115
8	116
24	161
10	148
26	110
12	154
28	139
14	112
30	115
16	131
2	109
18	147
4	135
20	110
6	133
22	114
8	115
24	160
10	148
26	110
12	154
28	139
14	112
30	116
0	2675
16	131
2	109
18	147
4	136
20	110
6	134
22	115
8	116
24	161
10	148
26	110
12	154
28	139
14	112
30	115
0	3781
16	132
2	110
18	147
4	136
20	110
6	134
22	115
8	116
24	161
10	148
26	110
12	154
28	139
14	111
30	115
16	132
2	109
18	147
4	136
20	110
6	133
22	113
8	115
24	160
10	147
26	110
12	154
28	138
14	111
30	116
0	2189
16	132
2	109
18	146
4	136
20	110
6	134
22	115
8	116
24	160
10	148
26	110
12	155
28	139
14	112
30	115
16	132
2	109
18	147
4	137
20	111
6	134
22	114
8	117
24	160
10	148
26	110
12	154
28	138
14	111
30	115
0	2196
16	131
2	109
18	146
4	136
20	111
6	134
22	114
8	116
24	161
10	148
26	110
12	154
28	138
14	111
30	115
16	131
2	109
18	146
4	136
20	110
6	134
22	115
8	116
24	161
10	148
26	110
12	154
28	139
14	113
30	116
0	2783
16	132
2	109
18	146
4	136
20	110
6	134
22	114
8	116
24	161
10	148
26	110
12	154
28	139
14	111
30	115
0	2709
16	131
2	109
18	147
4	136
20	111
6	135
22	114
8	116
24	161
10	148
26	110
12	154
28	139
14	112
30	115
16	131
2	110
18	147
4	136
20	110
6	134
22	114
8	115
24	160
10	147
26	109
12	155
28	139
14	112
30	116
0	2562
16	132
2	109
18	147
4	136
20	109
6	133
22	114
8	116
24	160
10	148
26	110
12	154
28	139
14	112
30	115
0	763
16	132
2	108
18	146
4	136
20	110
6	134
22	114
8	116
24	160
10	147
26	110
12	154
28	139
14	112
30	116
0	709
16	132
2	109
18	147
4	136
20	111
6	134
22	114
8	116
24	161
10	148
26	110
12	155
28	139
14	111
30	115
0	699
16	132
2	109
18	147
4	136
20	110
6	134
22	114
8	116
24	160
10	148
26	110
12	154
28	139
14	112
30	115
0	1061
16	131
2	109
18	147
4	136
20	110
6	134
22	114
8	115
24	160
10	148
26	110
12	154
28	138
14	112
30	115
16	131
2	109
18	146
4	136
20	110
6	134
22	114
8	116
24	161
10	148
26	110
12	154
28	139
14	112
30	116
0	1776
16	131
2	109
18	147
4	137
20	111
6	134
22	114
8	116
24	161
10	147
26	109
12	154
28	139
14	112
30	115
16	131
2	109
18	146
4	135
20	110
6	134
22	114
8	116
24	161
10	147
26	110
12	153
28	138
14	111
30	115
16	132
2	109
18	146
4	136
20	111
6	134
22	114
8	116
24	160
10	148
26	110
12	154
28	138
14	112
30	115
0	3214
16	132
2	109
18	147
4	136
20	111
6	133
22	114
8	115
24	160
10	148
26	110
12	154
28	139
14	113
30	116
0	1778
16	132
2	109
18	147
4	136
20	110
6	134
22	114
8	116
24	160
10	148
26	111
12	154
28	139
14	112
30	115
0	2729
16	132
2	109
18	147
4	137
20	110
6	134
22	114
8	116
24	160
10	148
26	110
12	155
28	139
14	111
30	115
0	2282
16	131
2	109
18	146
4	136
20	111
6	134
22	114
8	116
24	161
10	148
26	110
12	155
28	139
14	112
30	116
0	766
16	131
2	108
18	147
4	136
20	111
6	134
22	114
8	116
24	161
10	148
26	111
12	155
28	139
14	112
30	115
0	1138
16	132
2	108
18	147
4	135
20	109
6	133
22	114
8	116
24	160
10	147
26	110
12	153
28	139
14	111
30	115
0	3135
16	132
2	108
18	146
4	135
20	109
6	133
22	113
8	115
24	160
10	147
26	110
12	154
28	138
14	112
30	115
16	132
2	110
18	146
4	135
20	110
6	133
22	114
8	115
24	160
10	147
26	110
12	154
28	139
14	112
30	115
0	1668
16	132
2	109
18	147
4	135
20	110
6	134
22	114
8	116
24	161
10	147
26	110
12	155
28	139
14	112
30	116
16	131
2	109
18	147
4	136
20	110
6	133
22	114
8	115
24	160
10	147
26	110
12	153
28	139
14	111
30	115
0	1582
16	132
2	108
18	147
4	135
20	110
6	133
22	114
8	116
24	160
10	147
26	109
12	153
28	138
14	111
30	115
0	571
16	131
2	108
18	147
4	135
20	110
6	134
22	114
8	115
24	161
10	147
26	110
12	154
28	138
14	111
30	115
16	132
2	110
18	147
4	136
20	110
6	133
22	114
8	115
24	160
10	146
26	109
12	154
28	139
14	112
30	115
0	3154
16	131
2	109
18	147
4	136
20	110
6	134
22	114
8	116
24	160
10	147
26	109
12	153
28	138
14	111
30	115
0	1609
16	132
2	108
18	147
4	135
20	110
6	133
22	114
8	115
24	161
10	147
26	110
12	154
28	139
14	112
30	116
0	2680
16	132
2	109
18	146
4	136
20	111
6	134
22	115
8	116
24	161
10	148
26	110
12	154
28	139
14	112
30	116
0	2744
16	131
2	109
18	147
4	136
20	110
6	133
22	114
8	115
24	160
10	147
26	109
12	153
28	139
14	112
30	115
16	131
2	109
18	147
4	135
20	110
6	133
22	115
8	115
24	161
10	148
26	110
12	154
28	139
14	111
30	115
0	3726
16	131
2	109
18	147
4	136
20	110
6	133
22	114
8	115
24	160
10	147
26	110
12	154
28	139
14	111
30	115
0	2658
16	131
2	109
18	147
4	136
20	110
6	134
22	114
8	116
24	161
10	148
26	110
12	154
28	138
14	111
30	116
0	3216
16	131
2	109
18	146
4	136
20	111
6	134
22	114
8	116
24	161
10	148
26	110
12	154
28	138
14	111
30	114
16	131
2	109
18	147
4	135
20	110
6	133
22	114
8	116
24	160
10	147
26	110
12	153
28	139
14	111
30	115
0	2205
16	132
2	109
18	147
4	136
20	110
6	134
22	115
8	116
24	161
10	147
26	109
12	153
28	138
14	111
30	115
0	2163
16	131
2	108
18	146
4	136
20	110
6	133
22	114
8	115
24	160
10	147
26	109
12	154
28	138
14	111
30	116
0	3161
16	132
2	109
18	147
4	136
20	110
6	133
22	114
8	115
24	160
10	147
26	110
12	154
28	139
14	111
30	115
0	1601
16	132
2	108
18	147
4	136
20	110
6	134
22	113
8	115
24	160
10	147
26	110
12	154
28	139
14	112
30	115
16	131
2	109
18	146
4	135
20	110
6	133
22	114
8	115
24	160
10	147
26	110
12	153
28	139
14	111
30	115
0	3236
16	132
2	108
18	146
4	136
20	110
6	133
22	114
8	116
24	160
10	147
26	110
12	153
28	139
14	112
30	115
0	2582
16	132
2	109
18	146
4	135
20	110
6	133
22	114
8	116
24	161
10	147
26	110
12	153
28	138
14	111
30	115
16	132
2	109
18	147
4	135
20	110
6	133
22	114
8	115
24	160
10	147
26	110
12	153
28	139
14	112
30	115
0	3654
16	131
2	109
18	146
4	136
20	111
6	133
22	114
8	116
24	161
10	148
26	110
12	154
28	139
14	112
30	115
0	3833
16	132
2	109
18	147
4	136
20	110
6	133
22	114
8	115
24	160
10	147
26	110
12	154
28	139
14	112
30	115
0	2117
16	132
2	108
18	147
4	136
20	110
6	134
22	115
8	116
24	161
10	147
26	110
12	153
28	139
14	111
30	115
16	131
2	109
18	146
4	135
20	110
6	133
22	114
8	114
24	160
10	147
26	110
12	153
28	138
14	111
30	115
0	1569
16	131
2	109
18	146
4	136
20	110
6	133
22	115
8	115
24	161
10	147
26	110
12	153
28	138
14	111
30	115
0	3707
16	131
2	109
18	147
4	136
20	110
6	134
22	115
8	116
24	161
10	148
26	110
12	154
28	139
14	111
30	115
0	1107
16	131
2	108
18	147
4	135
20	111
6	134
22	114
8	116
24	160
10	148
26	110
12	154
28	139
14	112
30	116
16	131
2	109
18	147
4	136
20	110
6	133
22	114
8	115
24	160
10	147
26	110
12	153
28	139
14	111
30	115
0	3109
16	131
2	109
18	146
4	136
20	111
6	134
22	114
8	116
24	161
10	147
26	110
12	154
28	139
14	111
30	115
16	131
2	109
18	147
4	136
20	110
6	133
22	114
8	115
24	161
10	147
26	110
12	154
28	139
14	111
30	115
0	1614
16	131
2	109
18	147
4	136
20	110
6	134
22	114
8	116
24	160
10	147
26	109
12	153
28	138
14	112
30	115
0	1629
16	131
2	108
18	146
4	136
20	110
6	134
22	114
8	116
24	161
10	148
26	110
12	154
28	139
14	112
30	116
0	2265
16	131
2	109
18	147
4	136
20	110
6	134
22	114
8	116
24	160
10	148
26	110
12	154
28	139
14	111
30	115
0	1210
16	132
2	108
18	146
4	135
20	110
6	134
22	114
8	116
24	161
10	148
26	110
12	154
28	139
14	112
30	116
16	131
2	108
18	147
4	135
20	110
6	133
22	114
8	115
24	161
10	147
26	110
12	153
28	139
14	111
30	115
0	2657
16	131
2	109
18	147
4	136
20	110
6	133
22	114
8	115
24	160
10	148
26	110
12	154
28	139
14	112
30	115
16	132
2	109
18	147
4	136
20	110
6	133
22	114
8	115
24	160
10	147
26	109
12	153
28	138
14	111
30	115
0	2679
16	131
2	109
18	147
4	136
20	110
6	134
22	114
8	116
24	161
10	148
26	110
12	154
28	139
14	112
30	115
16	132
2	109
18	147
4	136
20	111
6	133
22	115
8	116
24	160
10	147
26	110
12	153
28	138
14	111
30	115
0	2294
16	131
2	108
18	147
4	136
20	110
6	134
22	114
8	116
24	161
10	148
26	110
12	154
28	139
14	112
30	115
0	2640
16	131
2	108
18	147
4	136
20	110
6	134
22	114
8	116
24	161
10	148
26	111
12	154
28	138
14	112
30	116
16	131
2	109
18	147
4	135
20	111
6	133
22	114
8	116
24	161
10	147
26	110
12	153
28	139
14	111
30	115
0	1128
16	131
2	108
18	147
4	135
20	109
6	134
22	114
8	116
24	160
10	148
26	109
12	154
28	139
14	112
30	115
0	1630
16	132
2	109
18	147
4	136
20	111
6	134
22	115
8	116
24	160
10	147
26	109
12	153
28	138
14	112
30	115
16	132
2	110
18	146
4	135
20	110
6	133
22	115
8	116
24	160
10	147
26	109
12	153
28	138
14	111
30	114
16	131
2	108
18	147
4	135
20	110
6	133
22	114
8	116
24	161
10	147
26	110
12	154
28	139
14	111
30	115
0	2146
16	131
2	109
18	147
4	136
20	110
6	134
22	114
8	116
24	160
10	147
26	110
12	153
28	138
14	111
30	114
0	2803
16	131
2	109
18	147
4	136
20	110
6	134
22	115
8	116
24	160
10	147
26	110
12	153
28	138
14	111
30	115
0	1260
16	131
2	108
18	147
4	135
20	110
6	134
22	114
8	116
24	161
10	148
26	110
12	154
28	138
14	112
30	116
0	3607
16	131
2	109
18	147
4	136
20	110
6	134
22	114
8	116
24	161
10	148
26	110
12	154
28	139
14	112
30	116
0	1050
16	131
2	108
18	147
4	136
20	111
6	133
22	114
8	115
24	160
10	147
26	109
12	153
28	138
14	112
30	115
16	131
2	110
18	147
4	136
20	111
6	134
22	114
8	116
24	161
10	147
26	110
12	154
28	139
14	111
30	116
0	2281
16	132
2	108
18	147
4	136
20	110
6	134
22	114
8	116
24	161
10	148
26	110
12	155
28	139
14	111
30	116
0	734
16	132
2	108
18	147
4	136
20	110
6	133
22	114
8	115
24	160
10	147
26	110
12	153
28	139
14	112
30	115
0	3636
16	130
2	109
18	147
4	136
20	110
6	134
22	115
8	116
24	161
10	148
26	110
12	154
28	139
14	112
30	115
0	2116
16	132
2	109
18	147
4	136
20	111
6	134
22	115
8	116
24	161
10	147
26	110
12	154
28	138
14	111
30	115
0	1237
16	131
2	107
18	147
4	135
20	110
6	133
22	113
8	116
24	160
10	148
26	110
12	154
28	139
14	112
30	115
0	1158
16	132
2	108
18	147
4	135
20	109
6	134
22	114
8	116
24	161
10	147
26	110
12	154
28	139
14	112
30	116
0	1737
16	131
2	109
18	147
4	136
20	110
6	134
22	115
8	116
24	161
10	148
26	110
12	154
28	139
14	112
30	115
0	1590
16	131
2	109
18	147
4	136
20	110
6	134
22	115
8	116
24	161
10	147
26	110
12	154
28	139
14	112
30	115
16	132
2	109
18	146
4	135
20	110
6	132
22	114
8	115
24	161
10	147
26	110
12	153
28	139
14	111
30	115
0	3173
16	132
2	109
18	147
4	136
20	111
6	134
22	114
8	116
24	160
10	147
26	109
12	153
28	138
14	111
30	115
0	1788
16	131
2	108
18	147
4	135
20	109
6	133
22	114
8	116
24	160
10	147
26	110
12	153
28	139
14	111
30	115
0	3283
16	131
2	109
18	147
4	135
20	110
6	133
22	114
8	115
24	160
10	147
26	110
12	154
28	139
14	112
30	115
0	1650
16	132
2	108
18	147
4	136
20	110
6	134
22	115
8	116
24	161
10	147
26	110
12	153
28	138
14	111
30	115
0	1773
16	132
2	109
18	146
4	136
20	110
6	133
22	114
8	115
24	160
10	147
26	110
12	153
28	139
14	112
30	115
0	2619
16	131
2	108
18	146
4	135
20	110
6	134
22	115
8	116
24	161
10	148
26	110
12	154
28	139
14	112
30	116
0	2110
16	132
2	109
18	147
4	136
20	110
6	133
22	114
8	116
24	161
10	148
26	110
12	154
28	139
14	112
30	116
0	700
16	131
2	108
18	147
4	136
20	110
6	134
22	114
8	116
24	160
10	148
26	110
12	154
28	139
14	112
30	116
16	131
2	109
18	146
4	135
20	110
6	133
22	115
8	116
24	161
10	147
26	110
12	154
28	139
14	112
30	115
0	3190
16	131
2	109
18	147
4	136
20	110
6	134
22	114
8	116
24	161
10	147
26	110
12	154
28	138
14	111
30	115
0	2137
16	132
2	109
18	147
4	136
20	111
6	134
22	115
8	116
24	161
10	148
26	110
12	154
28	139
14	112
30	115
0	2222
16	132
2	109
18	146
4	136
20	111
6	134
22	115
8	116
24	160
10	148
26	109
12	153
28	138
14	111
30	114
0	2222
16	131
2	109
18	146
4	136
20	110
6	134
22	114
8	116
24	161
10	148
26	111
12	154
28	139
14	112
30	116
16	132
2	109
18	147
4	136
20	111
6	133
22	114
8	115
24	160
10	147
26	110
12	154
28	139
14	112
30	116
0	1580
16	131
2	108
18	146
4	136
20	110
6	133
22	115
8	116
24	160
10	148
26	111
12	155
28	139
14	112
30	116
16	131
2	110
18	147
4	136
20	110
6	133
22	114
8	115
24	160
10	146
26	109
12	153
28	138
14	111
30	115
0	2786
16	132
2	110
18	147
4	136
20	110
6	133
22	114
8	116
24	160
10	147
26	110
12	153
28	139
14	112
30	115
0	2138
16	132
2	108
18	146
4	135
20	110
6	133
22	114
8	116
24	160
10	148
26	110
12	154
28	139
14	113
30	116
0	1217
16	131
2	108
18	147
4	136
20	110
6	134
22	115
8	116
24	161
10	148
26	111
12	154
28	139
14	113
30	116
0	2127
16	132
2	109
18	146
4	135
20	110
6	133
22	114
8	116
24	160
10	148
26	110
12	155
28	138
14	112
30	116
0	1035
16	131
2	109
18	147
4	136
20	110
6	133
22	114
8	115
24	159
10	147
26	110
12	154
28	138
14	112
30	116
16	132
2	109
18	147
4	135
20	110
6	133
22	114
8	115
24	160
10	146
26	109
12	152
28	139
14	111
30	115
0	2784
16	131
2	109
18	146
4	136
20	111
6	134
22	115
8	116
24	161
10	148
26	110
12	154
28	139
14	112
30	116
0	1539
16	132
2	108
18	146
4	136
20	111
6	134
22	115
8	116
24	161
10	147
26	110
12	154
28	139
14	112
30	116
16	131
2	109
18	146
4	135
20	110
6	133
22	115
8	115
24	161
10	147
26	110
12	154
28	139
14	111
30	115
0	1582
16	132
2	109
18	147
4	136
20	111
6	133
22	113
8	115
24	160
10	147
26	110
12	154
28	138
14	112
30	115
0	1121
16	132
2	108
18	147
4	136
20	110
6	134
22	114
8	116
24	161
10	148
26	110
12	154
28	139
14	112
30	116
0	3786
16	132
2	110
18	147
4	136
20	110
6	134
22	114
8	116
24	160
10	148
26	110
12	153
28	138
14	111
30	115
16	131
2	109
18	147
4	136
20	110
6	134
22	114
8	116
24	161
10	147
26	109
12	153
28	138
14	111
30	115
0	3113
16	132
2	109
18	146
4	136
20	110
6	134
22	114
8	115
24	160
10	147
26	109
12	154
28	138
14	111
30	116
0	1576
16	132
2	108
18	146
4	136
20	110
6	134
22	114
8	116
24	161
10	147
26	110
12	154
28	139
14	112
30	116
0	1064
16	131
2	108
18	146
4	136
20	111
6	134
22	114
8	116
24	161
10	148
26	110
12	154
28	138
14	111
30	115
0	1655
16	131
2	108
18	147
4	136
20	110
6	134
22	114
8	115
24	161
10	147
26	111
12	154
28	139
14	111
30	116
0	1712
16	131
2	109
18	147
4	136
20	110
6	134
22	115
8	116
24	160
10	147
26	110
12	154
28	138
14	111
30	115
16	131
2	109
18	146
4	135
20	111
6	133
22	114
8	115
24	161
10	147
26	109
12	153
28	138
14	111
30	115
0	3663
16	132
2	109
18	147
4	136
20	110
6	134
22	115
8	116
24	160
10	147
26	109
12	153
28	138
14	111
30	115
16	132
2	109
18	147
4	136
20	110
6	133
22	115
8	116
24	161
10	148
26	110
12	154
28	139
14	112
30	115
0	578
16	131
2	108
18	147
4	136
20	110
6	134
22	114
8	116
24	160
10	148
26	110
12	155
28	139
14	112
30	116
0	1579
16	132
2	109
18	147
4	136
20	111
6	135
22	114
8	116
24	160
10	148
26	110
12	154
28	139
14	112
30	115
16	131
2	109
18	147
4	136
20	110
6	134
22	114
8	116
24	161
10	148
26	110
12	154
28	139
14	112
30	116
16	131
2	109
18	147
4	135
20	110
6	133
22	115
8	116
24	161
10	147
26	110
12	154
28	140
14	112
30	115
16	131
2	109
18	147
4	135
20	110
6	133
22	114
8	116
24	161
10	147
26	109
12	153
28	138
14	111
30	114
0	1670
16	132
2	109
18	147
4	136
20	111
6	134
22	114
8	115
24	160
10	147
26	109
12	154
28	138
14	112
30	116
0	2056
16	132
2	109
18	147
4	136
20	110
6	133
22	114
8	116
24	159
10	147
26	110
12	154
28	139
14	111
30	116
0	1195
16	131
2	108
18	147
4	136
20	110
6	134
22	115
8	116
24	161
10	148
26	110
12	154
28	139
14	112
30	115
16	131
2	109
18	147
4	136
20	110
6	133
22	114
8	116
24	160
10	147
26	110
12	153
28	139
14	111
30	116
0	1786
16	131
2	109
18	147
4	136
20	110
6	134
22	114
8	116
24	160
10	148
26	110
12	154
28	139
14	112
30	116
0	2147
16	131
2	108
18	147
4	136
20	109
6	134
22	114
8	116
24	161
10	148
26	110
12	154
28	139
14	112
30	115
0	2183
16	132
2	109
18	147
4	136
20	110
6	133
22	113
8	115
24	160
10	147
26	110
12	154
28	139
14	112
30	115
0	1782
16	132
2	109
18	147
4	136
20	110
6	134
22	114
8	115
24	160
10	147
26	110
12	154
28	138
14	112
30	116
0	2657
16	131
2	109
18	147
4	136
20	110
6	134
22	114
8	116
24	160
10	148
26	110
12	154
28	139
14	112
30	115
0	1249
16	132
2	109
18	147
4	136
20	111
6	134
22	114
8	115
24	160
10	147
26	110
12	154
28	138
14	112
30	116
0	2052
16	131
2	109
18	147
4	137
20	110
6	134
22	114
8	116
24	161
10	148
26	110
12	154
28	139
14	112
30	116
16	131
2	110
18	147
4	136
20	110
6	133
22	114
8	116
24	161
10	147
26	110
12	154
28	138
14	111
30	114
16	132
2	110
18	146
4	136
20	110
6	134
22	114
8	116
24	160
10	148
26	110
12	154
28	138
14	112
30	115
0	2662
16	131
2	109
18	147
4	136
20	110
6	133
22	114
8	115
24	160
10	147
26	109
12	154
28	139
14	112
30	115
0	3818
16	131
2	109
18	146
4	136
20	110
6	134
22	115
8	116
24	160
10	148
26	110
12	154
28	139
14	112
30	115
16	132
2	109
18	147
4	136
20	111
6	134
22	114
8	116
24	160
10	148
26	110
12	154
28	139
14	111
30	114
0	2181
16	132
2	110
18	147
4	136
20	110
6	134
22	114
8	116
24	160
10	147
26	110
12	153
28	139
14	112
30	115
0	1673
16	132
2	109
18	147
4	136
20	110
6	134
22	115
8	116
24	160
10	147
26	109
12	154
28	138
14	112
30	115
0	3168
16	131
2	110
18	147
4	136
20	109
6	134
22	114
8	116
24	160
10	148
26	110
12	154
28	138
14	111
30	114
16	132
2	109
18	147
4	135
20	110
6	133
22	114
8	116
24	161
10	148
26	110
12	154
28	139
14	112
30	115
0	3208
16	132
2	109
18	146
4	137
20	110
6	135
22	115
8	116
24	160
10	148
26	110
12	155
28	139
14	112
30	116
16	131
2	109
18	147
4	136
20	111
6	134
22	114
8	115
24	161
10	147
26	110
12	154
28	139
14	111
30	116
0	3090
16	132
2	109
18	146
4	136
20	110
6	134
22	115
8	116
24	160
10	148
26	110
12	155
28	139
14	112
30	115
0	2188
16	132
2	109
18	147
4	136
20	111
6	134
22	115
8	116
24	160
10	147
26	109
12	153
28	138
14	111
30	115
0	1072
16	131
2	108
18	146
4	136
20	110
6	134
22	115
8	117
24	161
10	148
26	111
12	154
28	139
14	112
30	116
16	131
2	110
18	146
4	135
20	111
6	133
22	115
8	115
24	161
10	147
26	109
12	152
28	138
14	111
30	115
0	1755
16	131
2	109
18	147
4	136
20	111
6	134
22	115
8	116
24	160
10	147
26	109
12	153
28	139
14	111
30	115
16	132
2	109
18	147
4	136
20	110
6	133
22	114
8	115
24	160
10	147
26	109
12	154
28	139
14	111
30	115
0	2131
16	132
2	109
18	147
4	136
20	110
6	134
22	114
8	116
24	160
10	148
26	110
12	153
28	138
14	112
30	115
0	2810
16	131
2	109
18	147
4	136
20	110
6	134
22	114
8	116
24	160
10	148
26	110
12	155
28	139
14	112
30	115
0	3189
16	131
2	109
18	147
4	136
20	110
6	133
22	114
8	116
24	161
10	147
26	109
12	154
28	139
14	112
30	115
16	131
2	110
18	147
4	136
20	110
6	133
22	114
8	116
24	160
10	148
26	111
12	154
28	139
14	112
30	116
0	696
16	131
2	109
18	147
4	136
20	110
6	134
22	114
8	116
24	161
10	148
26	110
12	154
28	138
14	112
30	115
0	3163
16	131
2	109
18	147
4	136
20	110
6	134
22	114
8	116
24	161
10	148
26	110
12	154
28	139
14	112
30	116
0	2676
16	131
2	109
18	147
4	136
20	110
6	135
22	114
8	116
24	161
10	148
26	110
12	155
28	139
14	112
30	116
0	3672
16	131
2	109
18	146
4	136
20	110
6	134
22	115
8	116
24	161
10	148
26	110
12	154
28	139
14	112
30	115
0	2778
16	131
2	109
18	147
4	136
20	110
6	134
22	114
8	116
24	161
10	148
26	109
12	154
28	138
14	112
30	114
0	1074
16	131
2	108
18	147
4	136
20	111
6	134
22	114
8	115
24	160
10	147
26	109
12	154
28	138
14	112
30	115
16	132
2	110
18	146
4	136
20	110
6	134
22	114
8	116
24	160
10	147
26	110
12	153
28	138
14	111
30	115
0	3197
16	131
2	109
18	147
4	136
20	111
6	134
22	114
8	116
24	160
10	148
26	111
12	154
28	139
14	112
30	115
0	601
16	131
2	108
18	146
4	136
20	111
6	135
22	114
8	116
24	161
10	147
26	109
12	154
28	138
14	112
30	115
0	3292
16	131
2	109
18	147
4	136
20	110
6	133
22	114
8	115
24	160
10	148
26	109
12	155
28	139
14	112
30	115
0	3660
16	131
2	109
18	147
4	136
20	110
6	134
22	114
8	116
24	160
10	148
26	109
12	154
28	139
14	112
30	115
0	1613
16	131
2	109
18	146
4	136
20	110
6	134
22	114
8	116
24	161
10	148
26	111
12	154
28	139
14	112
30	115
0	1751
16	131
2	109
18	146
4	136
20	111
6	134
22	115
8	116
24	161
10	148
26	110
12	155
28	139
14	112
30	115
0	2080
16	132
2	110
18	147
4	136
20	110
6	134
22	114
8	117
24	161
10	148
26	110
12	154
28	139
14	112
30	115
0	2683
16	132
2	109
18	147
4	136
20	110
6	134
22	114
8	116
24	160
10	148
26	110
12	154
28	139
14	112
30	115
0	1706
16	131
2	109
18	146
4	136
20	110
6	134
22	115
8	116
24	161
10	148
26	110
12	154
28	139
14	112
30	116
16	132
2	109
18	147
4	135
20	111
6	134
22	114
8	116
24	161
10	148
26	111
12	154
28	139
14	112
30	116
0	2302
16	132
2	109
18	147
4	137
20	110
6	134
22	115
8	116
24	161
10	148
26	110
12	155
28	139
14	112
30	115
0	3585
16	132
2	109
18	146
4	137
20	110
6	134
22	115
8	116
24	161
10	148
26	110
12	154
28	138
14	111
30	115
0	1609
16	131
2	109
18	147
4	136
20	110
6	134
22	114
8	116
24	160
10	147
26	109
12	153
28	138
14	111
30	115
0	3273
16	132
2	110
18	147
4	136
20	111
6	134
22	114
8	115
24	160
10	147
26	109
12	153
28	138
14	112
30	115
0	2562
16	130
2	109
18	146
4	136
20	110
6	134
22	114
8	116
24	161
10	147
26	110
12	154
28	139
14	112
30	116
0	1257
16	131
2	108
18	146
4	136
20	110
6	134
22	115
8	116
24	160
10	148
26	110
12	154
28	139
14	112
30	116
0	1277
16	132
2	109
18	147
4	136
20	110
6	134
22	114
8	115
24	161
10	147
26	110
12	154
28	139
14	112
30	115
16	132
2	109
18	146
4	136
20	110
6	133
22	114
8	115
24	160
10	147
26	109
12	154
28	138
14	112
30	115
16	131
2	110
18	147
4	135
20	110
6	134
22	114
8	115
24	160
10	147
26	109
12	153
28	138
14	111
30	115
0	3710
16	131
2	109
18	147
4	136
20	110
6	134
22	114
8	116
24	161
10	148
26	110
12	154
28	139
14	112
30	115
0	3835
16	132
2	110
18	147
4	136
20	110
6	134
22	114
8	116
24	159
10	147
26	109
12	154
28	138
14	112
30	115
0	629
16	128
2	105
18	143
4	133
20	107
6	131
22	111
8	114
24	158
10	145
26	107
12	152
28	136
14	110
30	113
0	3312
16	132
2	110
18	147
4	136
20	110
6	134
22	114
8	116
24	160
10	147
26	109
12	154
28	138
14	112
30	115
0	2195
16	131
2	109
18	147
4	136
20	110
6	134
22	115
8	117
24	161
10	148
26	110
12	154
28	139
14	112
30	115
0	2642
16	131
2	110
18	147
4	137
20	110
6	134
22	114
8	116
24	159
10	147
26	109
12	153
28	139
14	112
30	115
0	3117
16	132
2	109
18	146
4	136
20	110
6	133
22	114
8	116
24	160
10	148
26	110
12	154
28	139
14	112
30	115
0	2231
16	132
2	109
18	147
4	136
20	110
6	133
22	114
8	116
24	160
10	147
26	109
12	154
28	138
14	112
30	115
16	131
2	109
18	147
4	136
20	110
6	133
22	114
8	116
24	161
10	147
26	109
12	153
28	138
14	111
30	115
0	2635
16	131
2	110
18	147
4	137
20	110
6	134
22	114
8	116
24	160
10	148
26	110
12	154
28	139
14	112
30	115
0	3077
16	131
2	110
18	147
4	136
20	110
6	134
22	114
8	117
24	161
10	147
26	109
12	154
28	139
14	111
30	115
0	571
16	131
2	108
18	147
4	136
20	110
6	134
22	114
8	116
24	160
10	147
26	110
12	154
28	139
14	112
30	115
0	628
16	131
2	109
18	147
4	136
20	110
6	134
22	115
8	116
24	160
10	148
26	110
12	154
28	138
14	112
30	115
0	1621
16	132
2	110
18	147
4	137
20	111
6	134
22	114
8	116
24	160
10	147
26	110
12	153
28	138
14	112
30	115
16	132
2	110
18	147
4	136
20	110
6	134
22	113
8	115
24	160
10	146
26	110
12	153
28	139
14	112
30	116
0	656
16	131
2	108
18	147
4	137
20	110
6	134
22	115
8	117
24	161
10	148
26	110
12	154
28	139
14	112
30	116
0	1204
16	131
2	109
18	147
4	136
20	110
6	134
22	114
8	116
24	159
10	147
26	109
12	154
28	138
14	112
30	115
0	3293
16	132
2	110
18	147
4	137
20	111
6	134
22	114
8	116
24	160
10	147
26	109
12	153
28	138
14	112
30	115
0	1757
16	132
2	110
18	147
4	137
20	110
6	134
22	115
8	116
24	160
10	148
26	109
12	154
28	138
14	111
30	115
0	3606
16	131
2	110
18	147
4	136
20	110
6	134
22	114
8	116
24	161
10	148
26	110
12	154
28	139
14	112
30	116
0	1079
16	132
2	109
18	146
4	136
20	110
6	134
22	114
8	116
24	160
10	147
26	110
12	154
28	138
14	112
30	116
0	2777
16	132
2	109
18	147
4	136
20	110
6	134
22	113
8	115
24	160
10	147
26	109
12	154
28	139
14	112
30	115
16	132
2	109
18	147
4	136
20	110
6	134
22	114
8	115
24	160
10	147
26	110
12	154
28	139
14	112
30	115
